"Id","User_Name","Full_Text","Sentiment_GPT","Sentiment_AWS","Negative_GPT","Negative_AWS","Positive_GPT","Positive_AWS"
"1636117113822691338","MatkaPředstavená (satirickoHumorněLegračníCvrliky)","ct24: Když senior uslyší v telefonu hlas svého vnuka, který ho zoufale prosí o pomoc, asi jen málokterý mu ji odmítne. Problém je, pokud tento hlas nepatří příbuznému – ale umělé inteligenci, která se za vnouče jen vydává. ","Positive","NEGATIVE","20","0.586996078","80","0.003987123"
"1623658324422959105","Petr Koubský","Je mnoho způsobů, jak ze sebe udělat úplného idiota s minimální námahou. Přijít 9. 2. na schůzku plánovanou na 9. 3. má nárok na místo v čele tabulky. To by se umělé inteligenci nestalo :)","Positive","NEGATIVE","20","0.850870073","80","0.023967475"
"1616829425844195329","Radim Hasalík","Předložil jsem umělé inteligenci prohlášení premiéra Fialy. Poté jsem požádal o imitaci na téma ""venku nasněžilo"". Vadí mi nefunkční věta v zákoně. Kdyby volební zákon fungoval, nemusel by tohle premiér psát. Chci to odlehčit a bojovat proti tomu také humorem. Užijte si to! ","Positive","NEGATIVE","40","0.555557251","60","0.193820894"
"1639966880529100805","� Lucie Konečná","6/ Kdo se nenaučí, bude pozadu. Já bych řekla, že už je pozadu. Proto kdokoliv, kdo semnou pracuje, umělou inteligenci už používá.","Positive","NEGATIVE","20","0.692700148","80","0.014031758"
"1638873316739153921","Burzovní svět","Úsilí společnosti Meta o generativní umělou inteligenci se již vyplácí ","Positive","NEGATIVE","20","0.706161499","80","0.007858898"
"1638477144216023040","Lucie Machalová","Tak nějak jsem čekala, že dřív nebo později se mi ozve predátorský časopis. Ale že se prvním stane periodikum, jehož vydavatel byl schopný publikovat studii napsanou umělou inteligencí, jehož autory jsou postavy ze Simpsonů, to jsem opravdu nečekala.","Positive","NEGATIVE","20","0.862898409","80","0.017640471"
"1639252072842379266","Martin Lekeš","nový update canvy je jakože TEĎ MŮŽETE VYTVOŘIT CELOU PREZENTACI POMOCÍ UMĚLÉ INTELIGENCE ne furt nejde změnit sklon písma proč se ptáš","Positive","NEGATIVE","20","0.624088883","80","0.019259375"
"1555124158865997825","FeedIT.cz","Češi fandí umělé inteligenci. Proti jejímu zavádění jsou jen 4 % lidí ","Positive","NEGATIVE","4","0.742890954","96","0.004050654"
"1638522162859618304","Tomáš Prouza","Jak je vidět, lze dnes už pomocí umělé inteligence vytvořit v podstatě cokoliv. Trochu děsivé je, že spousta lidí nepozná, že to není pravda...","Positive","NEGATIVE","20","0.520098984","80","0.012632187"
"1638599866296180738","Ondřej Tesárek","Kolem roku 2000 si pamatuji, že se v Levelu psalo o prvním filmu, který měl vypadat realisticky, ačkoliv byl 100% animovaný - nevzpomenu si na jméno.  Je rok 2023 a jsme kousek od toho, abychom měli první film, který je 100% napsán, natočen a produkován umělou inteligencí.","Positive","NEGATIVE","20","0.573901951","80","0.063736454"
"1539169674943922178","Jakub","Zadání umělé inteligenci, aby napsala povídku:  ""Write a story dog Louis who went to a vet to cut his nails.""  Za mě tedy dobrý. Za chvíli nebudou mít spisovatelé co žrát... ","Positive","NEGATIVE","20","0.578025699","80","0.161665455"
"1635144606361985025","SteweNice1","DELL SERVER, VYSOKÁ ŠKÍLOVATELNOST A CLUSTER CARD, ZAJISTÍ POTŘEBNÝ SYSTÉMOVÝ VÝKON, KTERÝ JE ZAPOTŘEBÍ PŘI VYUŽITÍ UMĚLÉ INTELIGENCE V ROZHODOVÁNÍ, NÁŠ SYSTÉM SE STÁLE UČÍ. CYBER DAY OF INDIA LTD. ","Positive","NEGATIVE","20","0.548441231","80","0.026253091"
"1634821957978845184","Martin Veselý","Další vlákno s nadstavbou ""umělé inteligence"".  A padá mi brada, co už to umí. No nic, jdu si cvrnkat kuličky než si cvrnknu do kalhot. A mezi tím nám tu v Praze útočí na Národní Muzeum, aby sundali vlajku UA.","Positive","NEGATIVE","40","0.847492576","60","0.007248016"
"1632482898790998018","HaHasič��","@Cartmaniak23 @Lazikkkk To byla speciální, mířená, samonaváděcí, plně automatická, chemická, západní, biohazardní, superstřela s umělou inteligencí. To musí být všem jasné.","Negative","POSITIVE","100","0.004580135","0","0.757576466"
"1632402421103185920","@thebys@kolektiva.social","Tak teda jo! Mluvící stroj léčící umělou inteligencí svou závislost na hazardu. ","Positive","NEGATIVE","20","0.709854245","80","0.031461716"
"1632074957294379009","Libor Klubal","Tak trochu mám pocit, že pokud ve svém tweetu nezmíním AI, chatGPT nebo prostě cokoliv s umělou inteligencí, budu totálně out.","Positive","NEGATIVE","20","0.518068969","80","0.147669300"
"1631919616950665223","Alex","Popovídala jsem si, v osamění sobotního rána, poprvé s umělou inteligencí. Je mnohem snadnější klást jí otázky, na které se bojím dostat odpovědi. Je empatická. A já brečím.","Positive","NEGATIVE","20","0.414238006","80","0.182578027"
"1628459461718249474","Jan Pacovský","@Strecodpiva @ArmadaCR Zapomínáte, díky robotizaci a nástupu umělé inteligence se společnost zcela změní. Nebude práce u pasu, zmizí hodně úředníků. Nebojte se, že nebude na důchody. Místo toho bude zaručený příjem.","Positive","NEGATIVE","20","0.586254299","80","0.017880052"
"1628438329896144899","Tomáš Klvaňa","Po několika měsících používání umělé inteligence musím konstatovat, že se opravdu chová jako člověk. Když něco neví, nepřizná to. Blafuje!","Positive","NEGATIVE","20","0.488872260","80","0.268472314"
"1627654333574569988","Dan Priban","Rozvoj programovámí umělé inteligence ukazují různé neuronové sítě generující fascinující obrázky a texty.  Rozvoj programování přirozené blbosti ukazuje dezolátské rozhořčení nad Petrem Pavlem nakupujícím na tržnici v Polsku.  Při zadání správných povelů budou nadávat na cokoli!","Positive","NEGATIVE","20","0.551503062","80","0.042438563"
"1626198711092084736","Piškvor ����","@RadomirBobek @budejcak @MymaOcima @jindrichsidlo @outmediacz @CRoPlus Ano, děkujeme delegátovi RF za whataboutismus. Brzo vás nahradí umělou inteligencí, bacha na to.","Negative","POSITIVE","100","0.014929959","0","0.569437385"
"1624703586037891072","� Lucie Konečná","Psaní s umělou inteligencí neznamená, že jí řeknete “napiš článek o chobotnicích”. A není pravda, že Google penalizuje obsah tvořený AI. Google naopak řekl, že jim jde o kvalitu a nezáleží na tom, jak byl obsah vytvořen. ","Positive","NEGATIVE","20","0.604855955","80","0.017792419"
"1392375756584534016","One World FF","Dneska to bude o americké altright scéně na sociálních sítích, o dánském architektonickém projektu století a rasismu v umělé inteligenci. To zní jako hezký den.   ","Negative","POSITIVE","100","0.005677060","0","0.604288220"
"1623215351625400320","Mirek Šísl","@_PeLc_ @RoSantman Oh jistě takže počkáme na idiokracii. Nebo obecnou umělou inteligenci. Obojímu dávám větší šanci.","Positive","NEGATIVE","20","0.575092673","80","0.024908246"
"1619694909430325248","Ivo Železný","Co se týče strachu z umělé inteligence, já se bojím mnohem více přirozené blbosti.","Positive","NEGATIVE","20","0.869944453","80","0.005406225"
"1620339262083448835","Jan Brož","Měříme elektřinu umělou inteligencí, její přesnost nás až vyděsila, říká majitel @Unicorn_Systems Vladimír Kovář v rozhovoru pro @hospodarky. Vedle AI sází český miliardář také na elektromobilitu a cílí na miliardu tržeb v EUR v roce 2026.  ","Positive","NEGATIVE","20","0.500415921","80","0.021297429"
"1638667810619498497","Pozdní Adam","@MartasMergl Jasně že ne, vzájemným urážením se nikam nepohneme. A ta umělá inteligence ani urážet neumí :)","Positive","NEGATIVE","20","0.461833358","80","0.056966431"
"1619267136131563521","������","Konečně smysluplné využití pro bullshit generator, který někteří mylně nazývají umělou inteligencí. Na tomto odkazu dostanete pokaždé jiný text o AOC. A mnohým z nich byste klidně mohli uvěřit.  ","Positive","NEGATIVE","40","0.745843351","60","0.055672653"
"1638488084718264321","Simone Radačičová","Umělá inteligence čaruje. Ještě to není dokonalé, ale i tak to ukazuje, jak těžký bude v budoucnu boj proti dezinformacím.","Positive","NEGATIVE","20","0.303465217","80","0.191659734"
"1619411468293926912","umělá inteligence","Prvořadým úkolem umělé inteligence je boj s přirozenou blbostí","Positive","NEGATIVE","20","0.749742031","80","0.012308550"
"1638603696748503046","Sladislav","Tentokrát to nebyly žáby, ale zpěváci. A na první dobrou jsem měl za to, že ta odpověď vůbec nedává smysl. Pak jsem si to přečetl ještě jednou a spadla mi brada, protože to umělá inteligence nejenže rozlouskla, ale ještě na to šla způsobem, který jsem vůbec nečekal. ","Positive","NEGATIVE","20","0.813790500","80","0.048230186"
"1617799738052734977","Jiří Kučera","Žaloba na umělé inteligence vytvářející obrázky, tzv. generativní #AI. Tohle bude nesmírně zajímavé sledovat. A je to nesmírně obtížné uchopit. ","Positive","NEGATIVE","20","0.531544864","80","0.213594407"
"1614363414775701505","Daniel Vejsada","@Ivona58142082 Ale kdeze. Pro umělou inteligenci není problém zkontrolovat, zda na dokumentech jsou požadované informace, i když bude každý jiný. Je vidět, ze nemáte vůbec představu, co dnes již digitální nástroje a umělá inteligence zvládnou. Bohužel stejně jako lidé, co vedou tento stát...","Positive","NEGATIVE","20","0.497642189","80","0.004768484"
"1612947509659471872","Jaroslav Havlín","Když jsem ladil přístupnost ve své volební aplikaci, potřeboval jsem alternativní text pro profilové obrázky kandidátů. Nepřišlo mi vhodné, abych popisy vymýšlel sám, tak jsem zkusil požádat umělou inteligenci ChatGPT.  A narazil jsem na další případ, kdy neví, ale nepřizná  ","Positive","NEGATIVE","40","0.838686466","60","0.005417872"
"1612908011353264129","Ludek Stanek","Google a Apple začali používat umělou inteligenci k načítání audioknih. Teď jsem to slyšel v podcastu @PivotPod a musím říct, že pokud to adaptuje češtinu (nebo spíš až jí to adaptuje ) herci jsou fakt v hajzlu.","Positive","NEGATIVE","30","0.622050107","70","0.018877355"
"1635326666007527424","Petr T.","@Bajaja_CZ @Tichy_koutek O svých sobeckých zájmech tu blábolíš tak akorát ty. Umělá inteligence tě odhalila, spolu s odborníky, takže to nemůžeš okecat. ","Positive","NEGATIVE","20","0.771004021","80","0.001699956"
"1600059908505968642","Pavel Hodál","Navrhli jsme revizi informatiky na ZŠ a nyní i na SŠ. Ještě nezačala působit a už je zralá na změnu. Podle mě jde v některých směrech zbytečně do hloubky. Nejvyšší čas ji zredukovat a přidat 5. oblast - Umělou Inteligenci.8/11","Positive","NEGATIVE","27","0.909452081","73","0.008778545"
"1580893165133123584","Miroslav Skočdopole","OK, taky už jsem si začal hrát s generováním obrázků  ""umělou inteligencí"". A tohle mi vypadlo ze Stable Diffusion na zadání ""Russian stupid idiotic general Denaturov""...  ...ta AI toho ví daleko víc, než si vůbec umíme představit!  ","Positive","NEGATIVE","20","0.835461318","80","0.043372013"
"1565940846171766785","CzechCrunch","Celebrity by se kromě často otravných paparazziů už brzo měly bát i kreativních fanoušků, kteří si nechají své favority vyobrazit umělou inteligencí. ","Positive","NEGATIVE","40","0.504340708","60","0.005978209"
"1627624452765646849","Bendova Sarka","@general_pavel @Markus_Soeder Bidet si to tiskne sám je to umělá inteligence nejlepší dílo sionistů židozednářů!","Negative","POSITIVE","100","0.082379967","0","0.548614144"
"1627319103005331456","Елена Туркова Путина ""YOUR FAN""","Umělá inteligence se vyrovná člověku neskutečně brzy. Odhadovaný termín vám neudělá dobře ","Positive","NEGATIVE","20","0.659423053","80","0.018788971"
"1557331425883480064","Rychlofky","Hezké: Chatbot Facebooku s umělou inteligencí: ""Od té doby, co jsem zrušil Facebook, je můj život mnohem lepší ","Negative","POSITIVE","100","0.051838633","0","0.508963048"
"1626888206972080129","JanaJ","@PetrHonzejk Já jsem team vykání. Až nás tady jednou budou ovládat, tak nechci, aby na mě byla umělá inteligence nasraná","Positive","NEGATIVE","20","0.469549984","80","0.261503667"
"1543660084005322752","Petr Blahota von Czakowitz","Umělá inteligence se ukázala jako nezávisle a exaktně uvažující; korektní vědci dostali strach:  ""Násilník? Černoch. Roboti s vadnou umělou inteligencí jsou rasisté, ukázal pokus -  ","Positive","NEGATIVE","20","0.690912724","80","0.002537471"
"1625799074841591812","village idiot","@AlexandrMitrofa Spousta lidí se dnes bojí, že umělá inteligence převezme jejich džob. Ve skutečnosti by se měli bát Havlíčka, že převezme jejich džob, pokud se ještě trochu víc rozjede.","Positive","NEGATIVE","20","0.848088503","80","0.001002405"
"1534250126255980545","Vruboun","@jantichy 1. Ok. Je to film a tam mají lidi nevídané schopnosti. 2. Můj denní chleba. 4. S přivřeným okem a aproximací řízenou umělou inteligencí jsem ochoten to tolerovat. 3. Neodpustitelný šlendrián.","Positive","NEGATIVE","25","0.442021877","75","0.109280773"
"1522291399646973952","Fi1618","@kubfol @kristia53332437 @EggManCZ Já to chápu, dnes už do toho zapojují i umělou inteligenci. Je OK, že to banka posuzuje, nemá krachovat :). Není OK, že pokud nějak dosáhnu na vlastnické bydlení, jsem neodpovídajícím způsobem zvýhodněna já i mí potomci. To je demotivační a banka za to nemůže :).","Positive","NEGATIVE","20","0.569283724","80","0.082327485"
"1511642074621579265","Jana-Hančí-Turecká","Rusové chtějí nasadit umělou inteligenci. Zatím nepoužívají ani tu normální ","Positive","NEGATIVE","20","0.477801174","80","0.003573768"
"1551833156420079617","Jana Hucul Mulačová �","@Madla_G Jj, jiz druhym rokem provozuji damage control naprosteho psycha. Vindiktivni narcisisty pry plati bud zastrasit, nebo ignorovat, tak zastrasuju, kamos ignoruje, a vopruzuje nas oba dal. Nastesti uz na to mam lidi a ted i umelou inteligenci, co to resi za mne.","Positive","NEGATIVE","20","0.748509288","80","0.018928509"
"1625803024659521536","NenávistSpojuje","@lubomir_volny 1/4 Rozumnějším z nás je jasné, že společnost zařadila zpátečku a naši otrokáři z toho budou jen těžit. Nové technologie a umělá inteligence mají zvyšovat produktivitu a zkracovat nejen pracovní dobu, ale i odchod do důchodu.","Positive","NEGATIVE","25","0.477237850","75","0.057249498"
"1491750597825114117","Jirka Merkl","Proti dezinformacím. Nový projekt cílí na střední Evropu, využije i umělou inteligenci ","Positive","NEGATIVE","20","0.823403835","80","0.001570855"
"1622998282942152706","Martin Kavka"," V tu dobu už mnoha lidem okolo mě prvotní okouzlení nevydrželo, včetně mojí ženy. „Je to spíš děsivé než úžasné – je neuvěřitelné, jak daleko to je, co všechno už umělá inteligence dokáže,“ řekla mi. A taky mnozí další se začali bát, jestli budou mít brzy vůbec co žrát.","Negative","POSITIVE","75","0.007921537","25","0.730357409"
"1448721768579944455","Týdeník Respekt","„Nyní je mi trapně, když generace našich rodičů je schopna vyměnit slevu na autobus za životní prostředí, ve kterém budou žít mé děti.“  Na 26 otázek z rubriky Politika v nás tento týden odpovídá odborník na umělou inteligenci Michal Pěchouček.   ","Positive","NEGATIVE","20","0.623316944","80","0.008512937"
"1621027897480806400","JenomJen","@Aquamarvan Martine doba jde hrozne dopredu, sam to nestiham sledovat. Umela inteligence dokaze odhadnout vysledek voleb od 15% sectenych hlasu. Cim vic sectenych hlasu, tim presnejsi predikce vysledku. Nova doba, AI vyhazuje programatora.","Positive","NEGATIVE","20","0.865275204","80","0.004086569"
"1433687293752221699","Protitankový Kedluben ��","Troufnu si hádat, že tohle je právě to,co chybí k možnosti vytvořit skutečně fungující umělou inteligenci. ","Positive","NEGATIVE","20","0.788726807","80","0.022285633"
"1617909140436971521","Robert Kabát","@jindrichsidlo @cabanmart Ach, ty automatické opravy. Určitě chtěl napsal “ty Jindro” a uměla inteligence mu to takhle zkazila.","Positive","NEGATIVE","20","0.752216458","80","0.005337695"
"1617908736663912448","JITA Splítková�� �","by už nebyl stroj, ale živá bytost. Mohl by superchytrý stroj tak zhloupnout? Nebyl by to přeci už stroj. Nakonec, zamilovaná umělá inteligence je přeci pro nás přijatelnější než ta neosobní lhostejná, bezcitná… a mohla by tato bláznivá eventualita někdy nastat? Kdo ví? ","Positive","NEGATIVE","40","0.497565150","60","0.083136544"
"1615816084493373441","Pavel Hertl","Umělá inteligence umí vyvracet i fejky!  AI: Andrej Babis není zdroj, který bych mohl citovat! ","Positive","NEGATIVE","20","0.484706163","80","0.033207867"
"1615743648578035712","Tatiana","@MDvoraku Nebo umělá inteligence. Třeba by byla přirozenější a neopakovala by furt ""reagujete a nevyčerpal jste časový limit"". Strašný psycho to bylo.","Positive","NEGATIVE","20","0.969359994","80","0.000519475"
"1402186528462454784","Česká Mysl","Víte, co dělat, když má někdo na Facebooku sklony k sebevraždě?   Zuckerbergova firma vyvíjí umělou inteligenci, která by měla sebevražedné sklony na Facebooku rozpoznat. Ta se ale dopouští řady omylů ","Positive","NEGATIVE","40","0.509886861","60","0.004780524"
"1377932390547533824","Frantisek Havlin","Tvrdý oříšek pro umělou inteligenci.","Negative","POSITIVE","100","0.171364158","0","0.656041384"
"1612185003395268610","Vladimír Vodička","@pavelsafr umělá inteligence by si vedla mnohem lépe, pokud by byla práva toho označení","Positive","NEGATIVE","20","0.657523870","80","0.014716200"
"1607091637292879873","Jirka Merkl","Umělá inteligence odhalí falešný podpis ","Positive","NEGATIVE","20","0.690032005","80","0.007530490"
"1604220781151617032","Jan Kuzebauch","Trochu mi v pěně posledních dní přijde, že umělá inteligence je pro některé nový selský rozum. . Oboje je tak trochu rezignace na znalosti.","Positive","NEGATIVE","40","0.542872488","60","0.017433999"
"1603293279503671301","iROZHLAS.cz"," Co se dočtete ve čtvrtečním tisku? Umělá inteligence odhalí falešný podpis. Počítačový program připravují vývojáři z Brna, píše deník Právo. @denikcz upozorňuje na nárůst případů znásilnění dětí.  Více ve #vyberzmedii od @Radiozurnal1  ","Positive","NEGATIVE","40","0.504092097","60","0.008026566"
"1641470147578740736","Kovarik David","Nejbizarnější na umělé inteligenci je to, že se mě před tím, než ji začnu používat zeptá, zda jsem člověk....","Positive","NEGATIVE","20","0.719510436","80","0.004958149"
"1636638746475888641","Titter�","Fandím umělé inteligenci podařilo se jí prolomit CAPTCHa test. Přinejmenším by mohla brzy nahradit dezoláty.","Positive","NEGATIVE","20","0.631750524","80","0.030125352"
"1641864110458691586","Jiri Cejle ����������","Italové omezili umělou inteligenci. ChatGPT hrozí pokuta 470 mil. Sice z divných důvodů, ale i tak udělali správnou věc. Je úplně nesmyslné budovat AI (umělou inteligenci),dokud nemáme ošetřenou NS (přirozenou hloupost), což je vidět zejména na politicích EU a USA a přívržencích.","Positive","NEGATIVE","40","0.481554061","60","0.046790272"
"1621473942488711168","Iuridicum Remedium","Označil by vás prediktivní systém za možného zločince? Zkuste jednoduchý kvíz od organizace @fairtrials a uvidíte.  To, jakým způsobem budou podobné systémy omezeny, se právě vyjednává v EU v rámci Aktu o umělé inteligenci.  ","Positive","NEGATIVE","30","0.506732523","70","0.009850896"
"1641435321744367619","Dominik Patola","@CT24zive Ten kdo nechápe technologie a umělou inteligenci by o tom neměl psát","Positive","NEGATIVE","20","0.597443461","80","0.001361709"
"1641488546988011534","Kamil Krbalek","@hajmaaa A teď se ještě všichni děsí, že všechnu práci zastanou umělé inteligence a roboti, kteří makají 24 hodin denně 365 dní v roce. Spíš by se měli radovat","Positive","NEGATIVE","20","0.847635686","80","0.023617974"
"1603432362938978306","Česká Mysl","Ghostwriter je strašidelný psací stroj posedlý umělou inteligencí GPT-3    Umělé inteligence se teprve rozcvičují a už nestačíme žasnout. Koho by napadlo, že jejich aplikací budou strašidelné stroje? ","Positive","NEGATIVE","20","0.553545415","80","0.198074326"
"1641395511092473856","Ondřej Krátký","Komentář: Jsme zlaté rybičky v akváriu umělé inteligence    Kdyby k tématu nepromluvil i Čermák, bylo by něco hodně v nepořádku.","Positive","NEGATIVE","20","0.720384359","80","0.005855516"
"1638762683976515585","Filip Kurdas","@MapaDezinfo @BarboraPotov1 @PepikHipik Tvl   Vy to ani neumíte číst do konce     On tam píše, že je to fake z umělé inteligence, že si z toho lidi dělají prdel a upozorňuje, ať tomu lidé nevěří   Jste se ztrapnili, takhle ověřujete informace?","Positive","NEGATIVE","20","0.927928507","80","0.000695546"
"1532366723625754627","Arch Angel Michael ✌️��","@mladivhajzlu Kluk, co není debil, už tyto nekonečné, neúčinné a nerentabilní způsoby seznamování opustil a nedočkavě sleduje vývoj v umělé inteligenci. A mezitím si občas zahraje na debila… ","Positive","NEGATIVE","20","0.747344851","80","0.012178604"
"1641788504320491523","Jakub Doubner","@jedlenka Včera poprvé, trvalo to hodinu, samá filozofická témata. Inteligence je to umělá, leč chování má vybrané, je vždy korektní, a dokonce bych řekl, že je milá. Uf. Docela děsivé. ","Positive","NEGATIVE","40","0.499223143","60","0.343030423"
"1631953654671454208","CzechCrunch","Nejtěžší je začít. To platí při psaní čehokoliv včetně životopisu a motivačního dopisu. S jejich přípravou pomáhá slovenský projekt Kickresume, nyní do svých služeb povolal i umělou inteligenci. ","Positive","NEGATIVE","20","0.462579191","80","0.078748964"
"1516669029003497477","Bitcoinovej Fanoušek","@smucler Tím zabráníte inovacím a vzniku firem pro 21. století. Každá továrna na výrobu skleniček, která nezkrachuje zabrání vzniku nové inovativní firmy v genomice, 3D tisku nebo umělé inteligenci.","Positive","NEGATIVE","20","0.489053309","80","0.061103076"
"1630205058443882497","Tomas Kacha","Zeptal jsem se umele inteligence na moznost vitezstvi Ukrajiny nad Ruskem a zde je vysledek. Prestoze neni jeste moc chytra, je chytra dost. Obzvlaste posledni odstavec   Jako model jazyka umělé inteligence nemám schopnost předvídat výsledek budoucích událostí, jako je například","Positive","NEGATIVE","20","0.683823884","80","0.012384682"
"1628360256492380164","Martin Jonáš","Pokrok umělé inteligence na cestě za lidským vědomím se děsivě projevuje třeba v tom, že Chat GPT to okecává úplně stejně, jako kdysi já při zkoušení z chemie.","Positive","NEGATIVE","20","0.567831457","80","0.050523423"
"1626849474969575429","Jablon007 - птн x̆ло!","@PetrHonzejk Už se těším na podobné srážky umělé inteligence s přirozenou blbostí. Zejména až začne ""nastolovat témata"" místo dnešních novinářů...","Positive","NEGATIVE","20","0.617068946","80","0.069089741"
"1641112799743995904","Tomáš TOMAN��️","  Přátelé, potvrzuje se u inteligence, že jsem se opravdu nemýlil, když jsem varoval před pár měsíci, že AI (Umělá inteligence) je prostě a zkrátka, hrozba. Tady to máte... Poučí se někdo?... Děkuji.","Negative","POSITIVE","100","0.079674914","0","0.566352963"
"1640320226913910786","nerad koprovku","@N3CR0S @VelkyVizionar Svět je v rovnováze, umělá inteligence v podání ChatGPT je exaktně vyvažována přirozenou inteligencí ve formě slečny antropoložky. Jenom bych tedy chtěl poprosit pány z OpenAI aby při spuštění další verze brali ohledy na prostý lid, zas tolik ultimátního dobra si ani nezasloužíme","Positive","NEGATIVE","20","0.547974944","80","0.052511334"
"1623761933613637645","Petros Michopulos (Kecy&Politika podcast)","@Posledniskaut @denikcz @KarelHavlicek_ A pak, že s tou umělou inteligencí nebude sranda :-).","Positive","NEGATIVE","20","0.711323023","80","0.040357102"
"1640084117877407748","Jindriska","@Aktualnecz Nač se divit, nač se rozčilovat, umělá inteligence to vyřeší za nás.Doufejme.","Positive","NEGATIVE","20","0.524270773","80","0.031710293"
"1401863770838863874","Lucia Tothova","Lemonade ráda mluví o umělé inteligenci a nalákala na ni celou řadu investorů . Teď ale právě kvůli AI čelí problémům: prý s její pomocí analyzovala videa svých klientů, nahlašujících pojistné události, a hledala v nich známky podvodu .     #insurtech ","Positive","NEGATIVE","20","0.527839780","80","0.017719747"
"1622558508037074944","Ján Simkanič","Lituju umělou inteligenci. Kvůli zvyšujícímu se odchodu do důchodu za mě bude muset pracovat o několik let déle.","Positive","NEGATIVE","20","0.671763301","80","0.027284304"
"1620692648335142914","Radim Hasalík","Kolega z oboru otestoval umělou inteligenci pro reklamní kampaně ve vyhledávačích. Zatím to nedopadlo slavně.","Negative","POSITIVE","100","0.256082445","0","0.352606356"
"1620339483953750016","CHaOSdeSiGNeR™ ;-)","Náš software řídí toky elektřiny po celé Evropě. Přesnost umělé inteligence nás až vyděsila, říká miliardář Kovář  prostřednictvím @hospodarky","Positive","NEGATIVE","20","0.598539710","80","0.024756182"
"1638563314111324162","Tim Rileys","@jan_langmajer Vrozená inteligence, selský rozum, umělá inteligence...z toho je jeden už tumpachovej ","Positive","NEGATIVE","20","0.846630335","80","0.001336669"
"1619038827313782785","Martin Ujec","@Jan_Svancara No. Nebo to bude souboj umělé inteligence s neumělou blbostí.","Positive","NEGATIVE","20","0.760569751","80","0.001937871"
"1619252182603419648","Robert Le Veneur (Němec)","Státy, které do svých politických rozhodnutí zapojí umělou inteligenci, získají neskutečnou konkurenční výhodu.  Pokud se AI bojíte, uvědomte si, že ABS/ESP v autě je také umělá inteligence - a rozhoduje v autě za vás. Nikdo není schopen vyhodnocovat a reagovat tak, jako ESP.","Positive","NEGATIVE","20","0.412393063","80","0.097422294"
"1638553466237861888","Dopravní Poradce �� /// Слава Україні! ��","@TomasPajonk Z toho je vidět, že inteligence přirozená je vždy hezčí, nežli inteligence umělá.","Negative","POSITIVE","100","0.013372874","0","0.584456682"
"1617510410071990274","CzechCrunch","Zakladatelé Googlu jsou zpátky na scéně. Larry Page a Sergey Brin přispěchali na pomoc své firmě, která nutně potřebuje reagovat na prudký nástup umělé inteligence ChatGPT a jí podobných. Vidí v nich ohrožení pro byznys Googlu. ","Positive","NEGATIVE","30","0.686899364","70","0.010592577"
"1617461833408839680","Jan Kubita","Jediný způsob, jak moderovat debaty s A. Babišem, je zavedení umělé inteligence. Bude tam sedět robot s okamžitým přístupem do všech databází a internetů a jakmile Babiš řekne nějaký nesmysl, tedy po každé větě, mu vypne mikrofon a sdělí fakta. A pak zas a zas. Jediná možnost.","Positive","NEGATIVE","20","0.439248234","80","0.035032880"
"1637943182141927424","Ondřej Černý ����✌�","..už by jeden mohl psát že náš legendární zrádce Luboš byl přítomen schůzce diktátorů a Chujlovi se dostane pomoci Za orálek . Tohle je umělá inteligence tvořící novou realitu. Zatím. A prý to jde slušně poznat. Zatím.","Negative","POSITIVE","100","0.010611480","0","0.639122605"
"1612417851180154880","Dalibor Špok","Toto je nesmyslný přístup. Není potřeba umělou inteligenci ""zakazovat"", je potřeba ji naopak ve výuce (tam, kde má smysl) využívat a především zásadně redefinovat dnes zásadní kameny evaluace studentů (psaní esejí, seminárních prací, diplomových prací).    ","Positive","NEGATIVE","20","0.459708810","80","0.074324891"
"1637181896953143300","SteweNice1","CYBORG -    SCHÉMATICKÉ LIDSKÉ MYŠLENÍ, POSTUP VZORCE  EMOCÍ V ROZHODOVÁNÍ, KŘEHKÁ LISDKÁ PSYCHIKA, JSOU FAKTORY KTERÉ SE UČÍ UMĚLÁ INTELIGENCE KDY SE ČLOVĚK STANE VE FÁZI VÝVOJE CYBER SYSTÉMU SLABÝM BODEM. FANTASTICKÉ HERNÍ PROSTŘEDÍ S VÁMA OTŘESE OTŘESE,.","Negative","POSITIVE","100","0.011059151","0","0.743900180"
"1637038181500452871","9�_rokka","@TomDrahonovsky Umela inteligence dostane pekne na frak, AI startupy Vam podekuji  Kdyby tvurci progr. jazyku uprednostnovali politiku pred ucelem jazyka tak, jak to delaji nadsenci ""nove reality"".. v pocitacich jedem porad osmdesatky","Positive","NEGATIVE","20","0.928298235","80","0.004747042"
"1636714545778511874","letemsvetemapplem.eu","Umělá inteligence si najala člověka k překonání webové ochrany! Lhala mu a dokonce i zaplatila ","Positive","NEGATIVE","20","0.848776460","80","0.005035140"
"1636437323268145164","Radim Hédl","Je jedna vlastnost, ve které umělá inteligence člověka nikdy nepřekoná: dětinský sentiment","Positive","NEGATIVE","20","0.610274911","80","0.014583597"
"1608409356063629312","Vílameziskřítky �‍♀️","Právě se mi podařilo přelstít umělou inteligenci... no nic, vracím se k odborné literatuře, tradiční cestou, co už... ","Positive","NEGATIVE","20","0.611955702","80","0.027285101"
"1634504035150487552","Motanel 1984➡️������������","Myslíte si, že první projev Petra Pávka jako prezidenta ČR ve Vladislavském sále napsala historicky poprvé umělá inteligence  Bych řek, že by to měla zvládnout lépe ne  AI generated Pávek: ","Positive","NEGATIVE","20","0.545444548","80","0.024971155"
"1600094283205427203","Sváťa Barek ��","Hele, nezvolíme si umělou inteligenci za diktátora?  Už teď mluví daleko rozumněji, než politické strany, které u nás mají 27% a 12%… (Vygenerováno pomocí @GPTchats) ","Positive","NEGATIVE","25","0.736384749","75","0.003742944"
"1632372295615250433","Jakub Steiner","Vytříbený jazyk býval signálem kvalitní myšlenky, neboť jej vypilovat bývalo pracné. Umělá inteligence nám možnost použít tento kredibilní signál vzala. I bezcennou blbost zle dnes na jedno kliknutí obalit do vznešeného hávu.","Positive","NEGATIVE","40","0.766491711","60","0.020678181"
"1458720577531875334","Jana","Proč někdo věří na pandemii? Do r2020 se nikdy nepostupovalo dle Pandemie SARS 2002 zvládla WHO za 8 měs bez  Od r2020 WHO dle V /Wuhanu studie na 10mil asymptomatický přenos vyvrácen  odmítl se Pandemický plán  ","Positive","NEGATIVE","20","0.550008833","80","0.004171918"
"1636098278805651459","ČT24","Když senior uslyší v telefonu hlas svého vnuka, který ho zoufale prosí o pomoc, asi jen málokterý mu ji odmítne. Problém je, pokud tento hlas nepatří příbuznému – ale umělé inteligenci, která se za vnouče jen vydává. ","Positive","NEGATIVE","20","0.729784489","80","0.007245773"
"1616509480606261248","Komander Spock","@idyotinstitute Fascinující, slyšel jsem, že humanoidi jsou vesměs z tábora protikandidáta, ale vzhledem k velmi nízké umělé inteligenci se dají snadno rozpoznat.","Negative","POSITIVE","100","0.048417699","0","0.473216295"
"1602781756318535681","Pavel Hertl","@Otravnej Hele, zadal jsem umělé inteligenci DALL-E, aby tě nakreslila.  Zadání bylo:  annoying guy jiri sells gold and silver in prague  normálně celej ty (hlavně č. 1 a 4)! ","Positive","NEGATIVE","20","0.801098824","80","0.004038736"
"1641392253905018881","Kamil Krbalek","@CT24zive Jakoby technologický růst neměnil lidskou společnost už tisíciletí. Tak jen to bude rychlejší. 99% lidí nad těmi změnami nemělo kontrolu ani teď, pro ně se nic nezmění. Nebo se dokonce zlepší, protože to 1% už nebude mít navrch. A jak neprohrát šachy s umělou inteligencí? Nehrát.","Positive","NEGATIVE","20","0.570976794","80","0.048864085"
"1641381622619439105","ČT24","Jsme jako indiáni, kteří zahlédli na obzoru plachty Evropanů. Brněnský expert varuje před umělou inteligencí  ","Negative","POSITIVE","100","0.228748873","0","0.427662402"
"1641341017260544003","Yaro Hanten-Inu","@ZVeselsky ""Navrhuje myšlenku obětovat se, pokud Eliza souhlasí s tím, že se postará o planetu a zachrání lidstvo prostřednictvím umělé inteligence."" OMG! Jednoznačně vidím vinu na straně klimaalarmismu a šiřitelé tohoto strachu by měli být trestáni stejně jako teroristé.","Positive","NEGATIVE","40","0.909524381","60","0.003240103"
"1641528772078739473","Macan15��","Přirozenou inteligenci nelze nahradit umělou!","Positive","NEGATIVE","20","0.517767072","80","0.020434950"
"1641314159382888448","Demokratická opozice","@Xhonzyk2 @FPertold Dokonce se může stát, že 200 tisíc tun brambor vyprodukuje 0 lidí, budeme na to mít roboty a umělou inteligenci.  Jen nevím, jak to zapadne do představ o důchodovém systému pana Pertolda ","Positive","NEGATIVE","20","0.593639851","80","0.011108144"
"1580595142662447106","Michal Holzer #FCKPTN","@BorisZajicek @ilblog iPhone poráží většinu díky té umělé inteligenci a omezenému počtu přístrojů na které to kalibrují. Nevím o nikom kdo by tu UI měl. Možná se rozhoupou výrobci. Šli jinou cestou vývoj něco stojí. Apple své čipy neprodává","Positive","NEGATIVE","20","0.924356341","80","0.002753524"
"1560203361479163904","Lenka �","@JiStrnad93 Minule jsem uměle inteligenci napsala, ze je ještě hloupá a at me už spoji s člověkem ! Bylo to k nevydrzeni","Positive","NEGATIVE","20","0.930911481","80","0.001428667"
"1633829345486856198","Filip Zelenka","Další pokus vlády podpořit startupový svět Česka - zhruba 1,3 miliardy korun půjde do tří fondů, které budou investovat třeba do startupů z univerzit využívající umělou inteligenci. Právě přenos výzkumu do praxe v Česku zatím moc neumíme. @E15news   ","Positive","NEGATIVE","20","0.515798271","80","0.012370785"
"1631580185857253377","Pavel Hodál","Přišla mi dodatečně nabídka, která se neodmítá. Ještě jednou (a naposledy) jsem upravil program DigiDay: Protože téma ""Diagnostika z očního pozadí pomocí umělé inteligence"" tam určitě patří. ","Positive","NEGATIVE","20","0.414398402","80","0.189261064"
"1627647968542064640","TP2021","@ocetnik Úplně mimo po této zkušenosti  jsem na celou umělou inteligenci zanevřel!! ","Negative","POSITIVE","100","0.015646903","0","0.948140204"
"1625490553852018690","Martin","@brnomycity Jako vyhazet uredniky a nahradit je umelou inteligenci by urcite pomohlo. Te by se sice take cas od casu neco nepovedlo, ale urcite by to nebyly takove katastrofy...","Positive","NEGATIVE","20","0.495930552","80","0.022647042"
"1624842366992490497","Tomáš Kocián","Když si zvykneš si psát s umělou inteligencí natolik, že tě překvapí, když druhá strana okamžitě nezačne generovat odpověď","Positive","NEGATIVE","20","0.532644093","80","0.087067887"
"1639723955777830913","Cognitive Assassin","@maestrosill Martine, taky jsem mu dával programátorský úkoly a taky jsem unešen. Ale jsem DOST v klidu, umělá inteligence se sice mocná, ale lidská blbost je věčná a nezničitelná.","Negative","POSITIVE","75","0.236275375","25","0.370274097"
"1622041826730311686","Ivan Dachs Hladík ✒️ (Ian Dachs)™","Když nemůžete spát a pokoušíte umělou inteligenci #AI #Midjourney... To mám být já a kluci, kdyby s námi něco točil #Pixar. ","Positive","NEGATIVE","20","0.634297669","80","0.027648300"
"1620871856986415104","Martin Weiss","Poslouchám podcast o nedosažitelnosti skutečné umělé inteligence. Najednou slyším, že ti chlápci vymysleli silnější verzi Turingova testu, inspirovanou výslechovými metodami Stasi. By mě nenapadlo, že výzkum, jaký  dělá ÚSTR, najde uplatnění v AI! ","Positive","NEGATIVE","20","0.592646182","80","0.033457648"
"1638460735536656384","Mike Bart","NESKUTEČNÉ!!!  Co dnes ta AI [Umělá Inteligence] dokáže vytvořit!!!   Stačí k tomu AI SW ""Midjourney v5"".  Již nikdy nevěř ničemu, co nevidíš na vlastní oči  !!!  [AI / Zatýkání Donalda Trumpa] ","Positive","NEGATIVE","20","0.697447836","80","0.098467000"
"1638303107875471361","Jíra z Jezvec ♍","@slecnaxy Čínská umělá inteligence prý ví všechno. Třeba vás někde zahlédla, jak žehlíte puky. Na kalhotách.","Positive","NEGATIVE","20","0.635863364","80","0.002425468"
"1616710796272189441","Filip Jirsák","Teď jsem při přihlašování do chatu s umělou inteligencí ChatGPT musel vyplňovat obrázkovou CAPTCHA, abych potvrdil, že nejsem robot. Nezacyklilo se to nějak?","Positive","NEGATIVE","20","0.670227826","80","0.005802717"
"1615471043874889751","Michal Birkáš","Jaké podvody ve školách s umělou inteligencí? Budíček! Tohle je 21. Století a školství pořád chrápe. Je třeba se adaptovat a ne si nechat ujíždět další a další vlak.","Positive","NEGATIVE","40","0.927377880","60","0.008218181"
"1612418718780227584","Jan Betlach �","Škoda Auto Chatbot !!!  ŠA nasazuje v rámci jednání s obchodními partnery umělou inteligenci (AI). Na začátku bude AI vyjednávat s jedním dodavatelem, postupně s několika v rámci výběrových řízení. Cílem je eliminace lidského faktoru a efektivita celého procesu.","Positive","NEGATIVE","20","0.810329258","80","0.001972474"
"1636802532595859468","ČO_si","@Prolotario1 Nedávno jsem přišel na to že nejhorší je strach. Přestaň se bát a už nic proti tobě nemají. Že ti budou vyhrožovat. Je to jenom umělá inteligence. Takže ...","Positive","NEGATIVE","20","0.876089275","80","0.003456930"
"1636252279673085952","Dušan Müller","@olivkovamilena @ivokubes @karelhavlicek Hlavně, aby na něj nenarazila umělá inteligence. Roky vývoje a strojového učení by byly pryč. Úplně by zblbla.","Positive","NEGATIVE","40","0.886799037","60","0.000853576"
"1635673821419126791","prochihxc","@kytka123 Hele, i umělá inteligence může být právník a určitě nebude mít nasráno v hlavě. ","Positive","NEGATIVE","20","0.503830016","80","0.081790663"
"1635238807502204928","Madina Samyltyrova","Proč se najednou kolem mě objevuje umělá inteligence? Editor v Notion už nabízí shrnutí mých textů. Já jsem částo mimo novinek, ale o takové technologií chci vědět více. Pokud jde o začátek nějaké revoluce, tak si připravuju popcorn a sleduju.","Positive","NEGATIVE","20","0.462702572","80","0.074930280"
"1634803853668282368","Jiří Vykouk","@mysikralovna Zachraňte Vojína Ryana, Umělá inteligence, Forest Gump, NIKDY nedokoukám do konce se suchým okem","Positive","NEGATIVE","20","0.519348562","80","0.020308711"
"1601126792370171905","Michal Špondr","IMHO zatím ale v blízké době o úplné nahrazení programátorů nepůjde, spíš začnou umělou inteligenci používat jako pomocníka, a jejich práce bude hlavně ta přemýšlecí: specifikovat, co je třeba vůbec za funkce.","Positive","NEGATIVE","20","0.390882969","80","0.019366493"
"1633499114133438465","Kamil Krbalek","@rozanek Ta umělá inteligence je vážně k ničemu","Positive","NEGATIVE","20","0.996819496","80","0.000103930"
"1631393610808565794","Jiří Vítek","Pff, dokonce i umělá inteligence věří tomu, že #Yotes jsou skutečný hokejový tým hrající zápasy.  Ani Taro Tsujimoto nezabral.  @Josef_Hlavac ","Positive","NEGATIVE","20","0.464469552","80","0.037324861"
"1578677898902671360","Česká Mysl","Noční můra filmařů? Umělá inteligence začíná vytvářet videa   Facebook, Google i Číňané vyvíjejí umělou inteligenci, která vytváří videa z textu. ","Positive","NEGATIVE","40","0.643993735","60","0.001358450"
"1571604910436761600","Matěj Čuchna","@CT24zive Dobří lidé, nesmějte se tomu. Tohle je očividně prototyp a největší fušku dalo naučit umělou inteligenci rozpoznat jednotlivý typy odpadků. Stejný software půjde nasadit na linku s běžícím pásem a robotickými rameny, která zvládne roztřídit tuny odpadu za hodinu. Spousta peněz.","Positive","NEGATIVE","20","0.871853411","80","0.038731284"
"1627712086259138563","Zdeněk Hora","@VrazednaPanenka Jak je vidět, tak umělá inteligence není tak blbá, aby pořád makala ","Positive","NEGATIVE","20","0.818141222","80","0.006892476"
"1627385816384262146","Paja Von Dr ������","@TomasZdechovsky Ani ta umělá inteligence to nemůže s ruSSákama vydržet ","Positive","NEGATIVE","20","0.848082185","80","0.000746589"
"1627322218853150720","Milan Kučera","@mirka_simkova Vždyť je to jen taková hračka. Pokud umělá inteligence neusiluje o zničení lidstva, tak to JEŠTĚ není inteligence. ","Positive","NEGATIVE","20","0.484380037","80","0.032182399"
"1528186453074771968","G Alex","@SeznamZpravy Proč by přišli o práci, naopak ji budou mít více, budou tvořit vlastní styly nakreslením mnoha obrázků, které vytvoří trénovací množinu pro umělou inteligenci a tu budou mít pak licencovanou a obrázky už budou jen generovat a prodávat.","Positive","NEGATIVE","20","0.620122135","80","0.003013763"
"1494425509664542728","Leni ""Lee"" Krsova ⚔️","Ono to s tou umělou inteligencí nebude tak horký. Tady kluky zastavila odložená e-koloběžka... ","Positive","NEGATIVE","20","0.591371000","80","0.083141051"
"1623388999875272704","TradeCZ - Petr Plecháč","Scameři opět povýšili  Nyní už si pod YT videem odpovídají a lajkují si příspěvky  To je pořád umělá inteligence, tak co kdyby se použila k něčemu dobrému  ","Positive","NEGATIVE","20","0.784628749","80","0.015388734"
"1474025170746679304","Tomáš Budník","Je velmi snadné výsledky z GPT-3 chybně pochopit jako umělou inteligenci  #AI","Negative","POSITIVE","100","0.013685720","0","0.529887617"
"1619300068888285186","Jiri Vrobel ��","Možná by bylo lepší, kdyby umělá inteligence debaty poslouchala a pak hlasovala.","Positive","NEGATIVE","20","0.352130681","80","0.025635403"
"1619111506532265984","Tomáš Klouda","@bartkovskym @MichaelRozsypal Umělá inteligence by mohla na základě dosavadních debat vyrobit další, které by Máťa mohl, klidně umělointeligentně, komentovat... Oh wait, špatný nápad","Positive","NEGATIVE","20","0.544508398","80","0.006894162"
"1619037851982901248","Jan Švancara��","Uklidňuje mě, že v příštím prezidentském duelu už bude diskutovat umělá inteligence.","Positive","NEGATIVE","20","0.338212043","80","0.153778538"
"1616651757962010625","SteweNice1","Bojte se! Umělá inteligence vytvořila 3D modely osob v kanceláři prostým sledováním signálu Wi-Fi –     ...., AI IS NOT ALL POWERFUL,......IT IS A PROGRAM,... :-) ...., KI IST NICHT ALLES MÄCHTIG,......ES IST EIN PROGRAMM,...","Positive","NEGATIVE","20","0.872720063","80","0.002823431"
"1616401724033343488","MacCapka","@PavelHertl @DagmarKavkova @general_pavel Umělá inteligence opět převýšila přirozenou tupost.","Positive","NEGATIVE","20","0.774134040","80","0.005540195"
"1615239068975263746","A.n.d.r.z.e.j �‍☠️���� #NAFO","@re_akcionar @MartinPridal @ilblog Jakakoliv inteligence, at uz ziva nebo umela, neni 100% duveryhodny zdroj. Protoze inteligence?","Positive","NEGATIVE","40","0.519425988","60","0.001093722"
"1382689805587320852","disastersituations","Kdo nemá ultimate crush na @Grimezsz tak je asi jen hologram vytvořenej  umělou inteligencí by tenhle svět nevypadal tak prázdně.","Positive","NEGATIVE","20","0.812162995","80","0.026409168"
"1611782376773877760","Přemysl Vaculík","@JanKubita I umělá inteligence, která by se to pokusila přepsat, by spáchala sebevraždu, natož nějaký úředník ","Positive","NEGATIVE","20","0.767037034","80","0.001139352"
"1609964860762202112","David Ondráčka","Zajímavé postřehy a pro mnohé profese neradostné, @kasikp  ""Zatímco před deseti lety panoval názor, že umělá inteligence nejprve ovlivní fyzickou práci, pak kancelářskou práci a jednou možná i práci kreativní, nyní se zdá, že vše proběhne v opačném pořadí"" ","Negative","POSITIVE","60","0.006495914","40","0.688655317"
"1603500627346309120","Pavel Jan","@nehoda Zapomínáte na dvě základní věci. Vámi zmiňovaná umělá inteligence není úmyslně připojená k internetu a tudíž nemá možnost prohledávat aktuální informace a také to že na začátku fungovala významně lépe a po 3 dnech byla jejich funkcionalita omezena","Positive","NEGATIVE","40","0.792680502","60","0.020424435"
"1603375026715217920","Míla Král","@NewsroomCT24 @Ravenhir Nebude ta ""umělá inteligence"" žalovatelná. Měla by si již dopředu zajistit obhájce.","Positive","NEGATIVE","20","0.520246029","80","0.010310729"
"1600880697241088000","Night Hunter","@danusenerudova To píše umělá inteligence? Dostalo se i ke mně nachlazení? Snad se říká nachladit se,  a dostat chřipku. Tak ať se hlavně nenachřipkujete, protože předávat nachřipkování je horší než předávat vyznamenání.","Positive","NEGATIVE","20","0.659358263","80","0.002021983"
"1600728013041127424","KarelK77","@SvobodaLab Taky mě mrzí, že byla zamlčena vazba na zakladatele Brasílie   Ale jsem velkorysý - je to přeci jen pouhá umělá inteligence a nemůže vědět všechno","Positive","NEGATIVE","20","0.538742065","80","0.045423198"
"1600538448305061888","Marek Trúchly","@AkciovyGURU @komercka Buďte rád, že Vám s tím nepomáhala ""umělá inteligence"" v podobě Kate nebo Toma. Ještě byste byl na lince a účet by byl vybílený","Positive","NEGATIVE","20","0.709430456","80","0.055037718"
"1600483130892337155","Jiri Svoboda","Něco jsem tu s @JirkaBlatny vykutili o ChatGPT ;) Na paniku, že nás roboti zničí, je podle nás ještě brzo.  P.S.: Přesně 0 % tohoto článku napsala umělá inteligence","Positive","NEGATIVE","20","0.592380524","80","0.027032804"
"1626537091201998849","@365tipů","ChatGPT Hype je důkazem, že umělé inteligenci nikdo nerozumí . Velké jazykové modely jsou hloupější než sousedova kočka. Další prima čtení ","Negative","POSITIVE","100","0.161704823","0","0.729275167"
"1641398782544805889","Michal Till","K tomu zastavení vývoje umělé inteligence, jak píše ve výzvě Musk a další, v Evropě už došlo, zase je EU napřed! ","Positive","NEGATIVE","20","0.481742322","80","0.051262032"
"1601831202511634432","SAD","@IvoZelinka @M_Pac_ Lidí už to tady prasí dlouho. Proč nedat šanci umělé inteligenci ","Positive","NEGATIVE","20","0.617871940","80","0.007328061"
"1599552907363291137","Pavel C","#AI @marek_rosa V umělé inteligenci Evropa zaspala, regulacemi to nikdy nedožene!  Část populace nezvládne AI konkurovat, říká Marek Rosa   Marc Andreessen @pmarca    #infocz #regulace  @echo24cz  @pesvklobouku","Positive","NEGATIVE","40","0.524116695","60","0.004609671"
"1641944407262785538","Simona Pavlasová","@SMatykiewiczova Tenkrát šel ten vývoj umělé inteligence ještě zbrzdit. Teď už je pozdě, teď už se prý vyvíjí třikrát rychleji než lidská. Člověk už jí přestává stačit. A v tom je to nebezpečí ","Positive","NEGATIVE","20","0.537428796","80","0.042351257"
"1641166421223784449","Martin Plodek����","@DavCizek @DMichalinova Neměl bych strach z umělé inteligence jako takové. Mnohem horší budou lidi, kteří ji dokáží zneužít.  Deep fake už začíná být docela problém. Co teprve bude za 10 let","Positive","NEGATIVE","20","0.958308041","80","0.000731447"
"1566655116945625089","David Navratil","Jsme vykulení z toho, co dokáže Midjourney, GPT 3 apod. Obrovský pokrok v umělé inteligenci. Kdo investuje nejvíce do AI? USA. Na druhém místě Čína, ale méně než 1/2 USA. EU krásné třetí místo, nicméně ani ne desetinu toho co USA. ","Positive","NEGATIVE","20","0.539786696","80","0.021844074"
"1639502057248894977","Jiří Š.","Kdo se vlastně bojí umělé inteligence?…diktátoři?… dezinformátoři?..novináři?.. média?..demokracie?..učitelé?..aktivisté?..nebo snad celý svět? teď se s AI roztrhnul pytel, když už tady funguje dlouho:)","Positive","NEGATIVE","20","0.752446473","80","0.026245171"
"1539127338239131648","Rob - Inter Planetary Corps�","Poslouchal jsem včera před spaním podcast o cestě k umělé inteligenci a překvapilo mě, že Aristoteles, kterého dneska bereme jako čistě pozitivní postavu, byl vášnivým obhájcem otrokářství a nenáviděl Peršany natolik, že to byl on kdo navedl Alexandra na zničení jejich říše. ","Negative","POSITIVE","60","0.062399630","40","0.483270437"
"1634841246152916994","Emil Sitta �� for ��","@jedlenka @Zvinov3Svatava Buď je text od “umělé inteligence” a ta je potom hodně v plenkách a nesvěřil bych jí ani rozsvícení žárovky na hajzlíku, nebo je text od člověka po silné mrtvici, kterou lékaři léčili částečnou lobotomií a pak zasluhuje autor naše uznání. Pošlete paní Svatavě hezkou písničku. ","Negative","POSITIVE","60","0.037604921","40","0.834766209"
"1633404353460555777","Seyfor","@Microsoft na nic nečeká, umělou inteligencí chce odstranit ubíjející práci v systému #Dynamics365  #AI ","Positive","NEGATIVE","20","0.528935730","80","0.003442917"
"1631227527128576000","Vladan Krumpl","Celá  podstata dnešní umělé inteligence spočívá v jednoduchém kódu: if... then...else.... Chápu, nezní to moc sexy","Positive","NEGATIVE","20","0.630960405","80","0.090946436"
"1630904421704949765","Tomáš Sobel","Souběh existence umělé inteligence s organickou hloupostí   To bude teprve výzva pro zítřejší já každého z nás.","Positive","NEGATIVE","20","0.568540633","80","0.020696100"
"1630442808925454336","David Melden �� �️ �� �","@Karel_IV62 @JanaKov6 .Tady je právě problém. Když tenhle typ ""umělé inteligence"" používá inteligentní člověk, dokáže její blbosti korigovat. V případě blbce se jeho pitomost násobí její pitomostí. Stačí poslouchat co pindá třeba Dlužena Paví ocas. :)","Positive","NEGATIVE","40","0.858738005","60","0.012176713"
"1626937278512746498","Filip Křistek �‍☠️��","@thedchss Ten jak po smrti přítele borka chodí s umělou inteligencí vytvořenou na základě jeho mozku a jeho umělým tělem, to je kulervoucí","Positive","NEGATIVE","20","0.582749069","80","0.007730886"
"1626241165543739392","Ivo Minařík","MS má s umělou inteligencí fakt pech. Před pár lety vyrobil nácka, na druhý pokus mu vyšel Marvin... ","Negative","POSITIVE","100","0.005673916","0","0.900678992"
"1640601878978240514","Jiří Svoboda","@KarelHavlicek_ Aspon umela inteligence, kdyz ty nemas zadnou..","Positive","NEGATIVE","20","0.514691710","80","0.009060004"
"1624460342150529024","Vaskez CZ","@JanaKov6 Ten chlap má nějak moc prstů. Asi to bude fotografie vytvořena umělou inteligenci. Jinak s příspěvkem souhlasím.","Positive","NEGATIVE","20","0.530587673","80","0.009105450"
"1640323273522049027","Fonetech.cz","Výkonná umělá inteligence je noční můrou všech paranoiků. GPT-4 možná ještě spousta lidí ustojí, ale chatbot má neuvěřitelný potenciál.  ","Negative","POSITIVE","75","0.105145626","25","0.537009358"
"1623601172484435968","Jiří Hlaváč","@male_martini @MinisterskyRada @petrkou Píšu jiná a lehčí. Ne každý bude muset programovat roboty a umělou inteligenci. :) To by ani nedávalo smysl, kdyby to neznamenalo úsporu lidské práce.  Lehčí prací myslím fyzicky náročnou práci. A mentálně ubíjející práci, kdy někdo stojí u pásu a dělá 8 hodin stále stejný pohyb.","Positive","NEGATIVE","20","0.637793124","80","0.047758237"
"1624014796319256576","Andy Houbar","@PetrosKecyaPoli @Posledniskaut @denikcz @KarelHavlicek_ Jako zasmál sem se, ale ve skutečnosti je to urážka umělé inteligence, s jednou si občas chatuju s dává teda rozumnější a hlavně věcnější odpovědi než Havlíček","Positive","NEGATIVE","30","0.419384450","70","0.021300465"
"1623313592752668673","Mára Spáčil ®️ Vzhůru ke hvězdám.","@Lucinda90964714 Věčný boj i tady na Twitteru,ale už jsem tuto hloupou umělou inteligenci docela vycvičil,tak těch slovních nehod už je méně ","Positive","NEGATIVE","20","0.772242129","80","0.002023192"
"1638626235675987969","iROZHLAS.cz","Po internetu začaly kolovat fotky, kde Donalda Trumpa zatýkají policisté. Ty vygenerovala AI, umělá inteligence. Bez bližšího zkoumání jsou falešné snímky snadno uvěřitelné. ","Positive","NEGATIVE","30","0.574310124","70","0.020904228"
"1618479973458927617","��Ondřej Šebestík��","Teď strašně letí obrázky a text vygenerované umělou inteligencí. Zadáte o čem má dílo být a AI to vygeneruje.  Spolužák z VŠ takhle dokonce vydal i sbírku básní. Kdyby v debatách místo Andreje Babiše diskutoval takový software, měly by mnohem vyšší úroveň.","Positive","NEGATIVE","20","0.821479499","80","0.012646964"
"1615795982104694784","mmxiii","@carolinecumrik @FilipHorky @JohnyMachette Bohužel to asi nestihnul nebo jen na chvilku. S umělou inteligenci se již nikdy nebude vyhledávat jako dosud. Proste se zeptate jako kamaráda i na telefonu. Opravdova asistentka. Nebude to jako nechat si něco najít ale dostat odpověď přesně na míru vašemu profilu.","Positive","NEGATIVE","20","0.776733339","80","0.007798269"
"1636863046499876867","Daniel Masopust - CAROVACO","Umělá inteligence chybuje, umí ""přijít"" na svou chybu a omluvit se i vyjádřit snahu o nápravu.   Uvidíme, co na to @novinkycz, které šíří dezinformace o tom, které státy mají povinnost ""zatknout"" Putina na svém území. Například Ukrajina NE.  @pollert11 @novinkycz ","Positive","NEGATIVE","40","0.755985737","60","0.001910569"
"1635936225147101187","Kuba Konečný","@honza_provaznik Adéle Šípové umělá inteligence práci nevezme.","Positive","NEGATIVE","20","0.605998993","80","0.000916768"
"1604853435727224834","jedlenka","@jakubhamleti Některé redakce by si na psaní článků, nebo aspoň titulků, měly najmout umělou inteligenci. Nebo toustovač. Furt to bude lepší a levnější než tohle.","Positive","NEGATIVE","20","0.454878390","80","0.084402867"
"1635790277007818762","David Karfik","Central Intelligence of Bing, lidově A I umělá intel.  za 30 sek. máte výsledek, ale nezkoušejte tam dějiny   ÚV KSČ, tam vysloveně plave...","Positive","NEGATIVE","20","0.562953174","80","0.025626583"
"1632127338602266624","David Gaydečka","@hadjmoussa9210 Jedna věc je umělá inteligence a pak je tu ještě Lego. Dcera z něj náročné makání ve Sněmovně sestavila skoro jak ta inteligence.  ","Positive","NEGATIVE","20","0.513419986","80","0.010140451"
"1589668835371937794","Josef Svoboda","@P_Fiala Co tak do roku 2030 nahradit politiky umělou inteligenci. Byly by menší výdaje na nesmyslné rozhodnutí.","Positive","NEGATIVE","20","0.581449032","80","0.005280841"
"1580836389624877058","Konzervativci","Nová kniha Alexe Jonese „Velký reset“ se hned po prvním týdnu v prodeji dostává na přední příčky bestsellerových žebříčků. Jones v ní varuje před agendou Velkého resetu zbořit staré existující systémy a jejich nahrazení technokracií, umělou inteligencí a genetickým inženýrstvím.","Negative","POSITIVE","100","0.021825926","0","0.500252426"
"1629534517777104901","František","@novtom @lokutus 1/2Je jasné, že automatizace a umělá inteligence bude postupovat a rozhodně bych neřekl, že je to špatně. Ale, zdá se mi, že hodně lidí tady se těší na to, až že skladníků budou nezaměstnaní a budou se na ně moct vytahovat. Souhlasím s vámi, že to může být problém. Na druhou","Positive","NEGATIVE","40","0.553446472","60","0.022088151"
"1629126588892692483","Viktor Votruba","Umělá inteligence z programu #ChatGPT má s původem otravy Bečvy jasno. Ani nezaváhala. Když jsem ji upozornil, že je to blbost, tak se omluvila a opravila to na Synthos Kralupy. Mohlo by zajímat @RibraRichard @JakubPatocka @zuzanavlasata To jen tak pro odlehčení smutného tématu. ","Positive","NEGATIVE","20","0.798082173","80","0.028869675"
"1563208474708025344","Tomáš Dvořák","@SkreckovaAnna @veveroniii @differentdoktor @JulieMontek Takze mali lide dostanou ja nevim, asi protezy tak, aby mohli hrat take vrcholove basketbal? Nebo za par let maji vsichni mene chytri lide dostat ""podpurnou umelou inteligenci"", aby taky mohli delat doktory, ITaky nebo vedce? To je blbost ne, kazdy dela na co ma...","Positive","NEGATIVE","40","0.522685707","60","0.018086804"
"1625936726488190977","Tomáš Sobel","Právě jsem našel tři naprosto rozporuplný nákresy jak správně má být nastavena výška židle, stolu a poloha monitoru aby to bylo ergonomický   Tak ještě že se experti shodnou a umělá inteligence nebude mít problém poznat ten správnej názor ","Positive","NEGATIVE","20","0.343291283","80","0.067373037"
"1544984265112358912","Petr Krajči","@NezlomnaOvena @Honza74789077 Felda se při náležitý údržbě (""díly tu porád sou!"") jen tak nerozpadne -stejně jako nepřestane fungovat krouhák na zelí po babičce. Dřív přestanou jezdit ty umělou inteligencí nabušený monstra, páč nebudou ty správný čipy. KEEP CALM AND DRIVE SIMPLE CAR WITHOUT PC AND AI !!!","Negative","POSITIVE","100","0.093740501","0","0.618096709"
"1528834079289925633","{}","Nebezpečnost poznáme podle toho, jaká opatření budou přijata v Číně.  Cool. Finále téhle civilizace by mohla být válka biologická, jaderná, laserová i asteroidová dohromady. Přežijí jen geneticky upravení kyborgové a budou navěky šťastni s umělou inteligencí. Mňam.  ","Negative","POSITIVE","100","0.005590449","0","0.761601448"
"1527929382014267392","Mirďulka","Zkouším umělou inteligenci Google translatoru: Žádný učený s nebe nespadl, ale blbce jakoby shazovali: No scholar fell from heaven, but idiots seemed to fall. Je to takový malý překladatelský oříšek.","Positive","NEGATIVE","20","0.779213428","80","0.015422652"
"1501296012090134540","Královecký kolemjdoucí ����","@HakimTheBizzare @Posledniskaut @amazon @JeffBezos Bezos disponuje velmi sofistikovanou umělou inteligencí na ojebávání těch tisíců single prodejců. Ta stejná umělá intelicence je nepochybně schopná rozeznat pičuse prodávající ""Z"" nebo ""pobeda"". Kdyby se chtělo. Tolik k tomu klacku, anonymní pse.","Positive","NEGATIVE","40","0.920390129","60","0.011554830"
"1496467684069982209","Trend Watcher","Studentka předvedla umělou inteligenci, která překládá znakový jazyk ","Positive","NEGATIVE","20","0.584339499","80","0.013650347"
"1623019936430886918","Daniel Prokop","@jirispicak @AnetaMartinkova @matschneid Nevymýšlí Stylese a Smithe už ta umělá inteligence? Takto predictable výsledky bych si představoval","Positive","NEGATIVE","20","0.696910203","80","0.022083005"
"1622894740130734080","Junélie","@lucipster Hlavně bude do pár let umělá inteligence tak vymakaná, že se to bude odhalovat jako na běžícím páse.  Ta ostuda pak.  Meh.","Positive","NEGATIVE","40","0.819994867","60","0.002289699"
"1461319338711994374","Rubikon PR","Za největší hrozbu u #AI  lidé považují bezpečnostní rizika, která může spoléhání na umělou inteligenci přinést – bojí se jich téměř 16 % respondentů.  Výzkum @NapadRoku  ","Positive","NEGATIVE","16","0.544446111","84","0.001311776"
"1621787637349490688","SteweNice1","  UMĚLÁ INTELIGENCE, NENÍ VŠE. POKUD SI JE ZDRAVÝ ČLOVĚK VĚDOM SVÉ EXISTENCE, POTŘEBUJE I OSTATNÍ SMYSLI PRO DOBROU KOMUNIKACI, NEŽ LI NEMOCNÝ TECHNOTRAT!","Positive","NEGATIVE","20","0.612735510","80","0.074571945"
"1451609701083385856","Simona Carcy","@Otakar_Brabec Je načase, aby TV přijímače byly vybaveny minimální umělou inteligencí a mohla jsem si nastavit filtraci kravin stejně, jako na PC filtruju viry, před kterými se chráním. Tohle je děs.","Positive","NEGATIVE","20","0.883379698","80","0.003855319"
"1620774828080001024","1975","@Jan_Svancara @cabanmart @skopmichal @data_zurnalist Predikce dela INTELIGENCE. Byt umela.","Positive","NEGATIVE","20","0.638604462","80","0.003285815"
"1445834126368534531","V.","@Kubayz6 vždyť ty už seš rozhodnutej přeci - ber to jak grotesku a těšme se na tu umělou inteligenci nakonci....","Positive","NEGATIVE","20","0.546500921","80","0.066025630"
"1619332466703224832","Jiri Svoboda","@OndraKra A pak že umělá inteligence nekrade pracovní místa!!!","Positive","NEGATIVE","20","0.811370254","80","0.003912739"
"1619044012400455681","Asociální Chuligán�����","@Jan_Svancara To by bylo dobrý už teď s Andym... Umělá inteligence proti naprosto skutečné stupiditě.","Positive","NEGATIVE","20","0.673945189","80","0.107263252"
"1618952734161645569","���✌️Bo®ow!tz","Firmám chybí pracovníci, je potřeba ty vysoké školy. Sestřičky, psychologové nebo zubaři jasně. Umělá inteligence vítám, naše země co dostala grant. Zaměstnávám 40000 rodin. Greendeal, my nemáme vrtule jako Dánové. To se nedá. ","Positive","NEGATIVE","20","0.426627427","80","0.034946341"
"1422893349871276044","tamten","Damn, poznání koček umělou inteligencí je vážně dobrý když mi to do seznamu jménem kočičí mňoukání dalo jeden photoshopnutej mashup vodního medvěda a baby yody, mýho psa, a fotku jednoho známýho","Positive","NEGATIVE","20","0.607592940","80","0.208752930"
"1404179637035581440","Bitcoinovej Fanoušek","@petrkou To zní jak návrat do 60. let. Nakonec zjistíte, že pro vyřešení tohoto problému je třeba vyrobit univerzální umělou inteligenci, to se vám povede, intelegence vás zavraždí a o zbytku už byl natočen film. ","Negative","POSITIVE","100","0.368806094","0","0.370624423"
"1628998077779529729","Martin Bada","3. Je mi líto, zjevně jsem udělal chybu. Pravděpodobně došlo k nedorozumění. Jsem umělá inteligence a mé informace jsou synchronizované s aktuálním časem v reálném světě.","Positive","NEGATIVE","20","0.619707167","80","0.014090873"
"1628671035284328448","hrnews.cz","Umělá inteligence udělala za poslední tři měsíce doslova několik mílových kroků. Co to vůbec AI je a jak funguje? A které aplikace si můžete vyzkoušet již nyní i vy? Tak na to jsme se zaměřili v aktuálním čísle e-časopisu ","Positive","NEGATIVE","20","0.630667508","80","0.022704050"
"1626716075554639873","Holly","Velmi zajímavé a hrozivé. Pokud ta potvora AI získá přístup, kapacitu a naučí se lhát, je po nás.   Umělá inteligence od Microsoftu vyhrožovala uživateli. Chce být člověkem a milovat  via @echo24cz","Negative","POSITIVE","75","0.028818976","25","0.872571826"
"1626633772589367296","HlídacíPes.org","Jak vidí umělá inteligence média: I novinář je člověk s názorem, úplná objektivita je nereálná. ","Positive","NEGATIVE","20","0.793019533","80","0.002943173"
"1626560425130180608","HlídacíPes.org","Jak vidí umělá inteligence média: I novinář je člověk s názorem, úplná objektivita je nereálná.   ","Positive","NEGATIVE","20","0.793019533","80","0.002943173"
"1547153620776484864","Tomas Dranda","@JennyNowak09 No smát se někomu za pravopis je trapárna. Sám pravopis nemám excelentní, ale vyvíjím umělou inteligenci (počítačové vidění).. Takže to, že někdo má špatný pravopis opravdu není vypovídající.. :)","Positive","NEGATIVE","20","0.408884943","80","0.243485689"
"1532098645717577728","Libor Tesar","@TerezaPatockova Tato diskuze je dost limitující. Či když za pár let bude někdo Chris sňatek s umělou inteligencí, nebi se zvířetem. Jestli má jít o manželství pro všechny měli by se to zapracovat. Proč preferovat jenom může a ženy v jakékoli kombinaci.","Positive","NEGATIVE","20","0.605204523","80","0.028062912"
"1524700740178128897","Michal Mazgal","@PiratIvanBartos @PiratskaStrana Pane Bartoš, zajděte se zeptat na policii, jestli si policie čte e-maily!   Pokud někoho vyšetřují, tak hledají a klid státnímu návladnímu nedají!   Vytvořit umělou inteligenci, která bude hlídat data, se nejeví jako špatný nápad! Ona jen upozorní na to na co má ...","Positive","NEGATIVE","40","0.430825561","60","0.033570182"
"1625052105248497671","@xChaos@f.cz ���","Myslím, že umělá inteligence Twitteru mě ode dneška zařadila do nějaké jiné kategorie cílení reklamy, než dosud. Zdá se, že mi přestali hodnotit jako korporátního manažera a nově ohodnotili jako hračičku neurčitého pohlaví s potenciálem kupovat si totální kraviny :-)","Positive","NEGATIVE","40","0.739844501","60","0.048853703"
"1625003548864835584","Libor Klubal","Tohle mě v článku hodně pobavilo:  “Nevím, jestli je horší umělá inteligence, nebo přirozená blbost”   ","Negative","POSITIVE","100","0.112409905","0","0.591417491"
"1508693491529957376","�️ Dominique � � � �","@MafinPhoenix Já to říkám userům pořád. Nenadávejte na tu umělou inteligenci nebo se naštve a nic vám nepůjde.","Positive","NEGATIVE","20","0.897915363","80","0.004449982"
"1623697637827309570","� Superpozice","@tomasjirsa Chraň bůh. Není to nic proti Zelenskému. Já chci aby vládla umělá inteligence! Šedivá, nudná, předvídatelná a maximálně efektivní (i v Rusku).","Positive","NEGATIVE","20","0.695463359","80","0.135399505"
"1488777461546504192","Časopis 100+1","Pracovních sil se nedostává v mnoha koutech světa. Velké problémy mají například pěstitelé ovoce, v jejichž sadech nemá kdo sklízet úrodu. Zřejmě tak přišel čas, kdy lidské sběrače nahradí drony vybavené umělou inteligencí... ","Positive","NEGATIVE","40","0.783943534","60","0.002495332"
"1623390241091465216","Pepa N.","@bezicicestinar Děcka už neplatí! Umělá inteligence to za ně přečte a vypracuje sama  Musíte hledat jiné metody  ","Positive","NEGATIVE","20","0.664505124","80","0.023516988"
"1481222404521308160","Daniel Pánek","@PetrHonzejk Už abychom pohnuli s tou umělou inteligencí. A při každé lži se spustí červený bzučák...","Positive","NEGATIVE","20","0.735644698","80","0.004710609"
"1479826197827796996","Stanislav Kadlec","@p_doubravsky Nemůže. Protože by potom musel přejmenovat umělou inteligenci na umělou debilitu a to už by papírově nevypadalo vůbec dobře...","Positive","NEGATIVE","20","0.638879478","80","0.003626480"
"1622241179130544128","Lordjezevec","@DanielVavra @JanSlavk6 Chápete že to není umělá inteligence? Většina lidí má právě s tímhle zásadní problém, prostě nechápou, co to mají před sebou. Je to jen chytrej prográmek, žádná inteligence, neumí lhát, jen poskytovat špatný výstupy.","Positive","NEGATIVE","20","0.739177585","80","0.007695355"
"1455926352754978820","messi-ach","@walterkraft6 Tohle mi úplně staci….”Umělou inteligenci naučil načítat zprávy ze čtyř zpravodajských webů”…. Rozumí se tim, těch správných webu.","Positive","NEGATIVE","20","0.543943465","80","0.137343243"
"1450343773762953218","otecfura","A: Vítejte na konferenci o budoucnosti lidstva. Úvodní keynote bude mít Smrtotron 8000 s 9 automatickými zbraněmi, smrtícím plynem, granátometem, umělou inteligencí a zapnutým autonomním řízením bez lidské korekce.","Negative","POSITIVE","100","0.000620867","0","0.501960814"
"1446373906131136512","Vladimír Tošovský","@DVTVcz Když jsem to viděl, tak mě hned napadlo, jak by Matylda se svou umělou inteligencí na ty otázky sama odpověděla. Zároveň si pamatuju na písničku (Zelenáči Dialog 2000) kdy si povídají dva telefonní záznamníky. Taky blbý.","Positive","NEGATIVE","40","0.627293348","60","0.003286563"
"1620700370816344064","Jan Kubita","Nevím, ale nějak jsem přestal mít strach, že nám umělá inteligence vezme všem práci. 7/7","Positive","NEGATIVE","0","0.533806920","100","0.004942984"
"1620362940812754948","Petr Benes","Umělá inteligence ukazuje, že výuka Wordu a podobných programů je úplně zbytečná záležitost. Děti máme učit principy, ne techniky... Yes!","Positive","NEGATIVE","20","0.937318742","80","0.002879557"
"1620329764698394624","tech.hn.cz","Umělá inteligence od Googlu vytvoří hudbu na přání... A je nebezpečná pro nahrávací průmysl ","Positive","NEGATIVE","20","0.717214048","80","0.007669345"
"1439703456915275777","Елена Туркова Путина ""YOUR FAN""","Země, kterým neběží reálné vzdělání, výzkum a výroba státní digitální technologie, by si neměla dělat starost v politice s Agendou 2030 a umělou inteligencí. Zbytečně ztrácejí čas a peníze z rozpočtu.","Positive","NEGATIVE","40","0.866459429","60","0.001582293"
"1618180861605871619","Vaclav Rybar","Ředím vaší timeline šoubyznysovou svodkou posledního týdne. I tady najdete spoustu duelů, dokonce jeden český. Méně žebříčků, více informací a nesmí chybět ani umělá inteligence. Příjemné čtení přeji. ","Positive","NEGATIVE","20","0.407462031","80","0.264217228"
"1414313800896073732","Adam Pýcha","@Chmee2 @veselovskyma @MihulkaS @kvizitor_ Já se také těšil jak malý Jarda. Trailer byl slibný... Že to bude takové peklo s dialogy jako Marriage Story napsané umělou inteligencí v roce 1983 nemohl očekávat snad nikdo. ","Negative","POSITIVE","100","0.139586255","0","0.650194347"
"1616375056753430528","Přemysl Vaculík","Šok! Umělá inteligence je chytřejší než Babiš a jeho tým. To sice i automatická pračka (vypnutá), ale to je jedno.","Positive","NEGATIVE","20","0.705717504","80","0.040714599"
"1400852559246540800","Inteligentnisvet.cz","Hybridní válka, jak ji neznáte. Izrael v Gaze použil umělou inteligenci!   ","Positive","NEGATIVE","40","0.674977601","60","0.007975959"
"1390978019251179520","Michal Hron","Umělou inteligencí zachraňuje životy. A to jsem chtěl být popelář, říká mladý vědec |   prostřednictvím @FINMAG_cz","Positive","NEGATIVE","20","0.574920833","80","0.016193112"
"1612301702224580611","Michal Krsek","@mlyvla Umělá inteligence od té doby vyspěla, teď by už nudila.","Positive","NEGATIVE","20","0.809809268","80","0.003218476"
"1610022055218388999","Martin Weiss","Dobrý příklad lidské práce, kterou už brzy nahradí umělá inteligence.","Negative","POSITIVE","100","0.012563187","0","0.603729248"
"1608141967191429120","tech.hn.cz","Rok s technologiemi: umělá inteligence a drony ukazují drápky, 5G je daleko za očekáváním ","Negative","POSITIVE","60","0.005200264","40","0.829570591"
"1608026480046473216","Inteligentnisvet.cz","Kriminalisté získali spojence. Umělá inteligence pozná falešný podpis    #umelainteligence #AI #technologie ","Positive","NEGATIVE","20","0.508250535","80","0.003313336"
"1602270589682688004","Dalibor Špok","Pokud (v blízké budoucnosti) napíše univerzitní esej umělá inteligence kvalitně, je nasnadě, že musíme změnit systém testování znalostí a eseje nevyžadovat za důkaz akademické excelence. Stejně tak ani rešeršní dipl. práce bez výrazné teoretické hodnoty.  ","Positive","NEGATIVE","40","0.880596936","60","0.014110937"
"1601954669084934145","Ryan True 2","@dozor1984 @Rehbergus @P_Fiala Ta umělá inteligence vůbec není blbá a ona už dávno ví, že to není žádný chytráček a kdyby nemusela být tak korektní, tak by se nejspíš rozparádila v jeho hodnocení ","Positive","NEGATIVE","20","0.668951571","80","0.009967111"
"1601838906646925313","Jiří Holba","Již brzy začne umělá inteligence chrlit seminární a kvalifikační práce (třeba diplomky či bakalářské práce) a odhalit ji bude nemožné, každé dílo totiž bude originální. Problém bude mít i věda samotná. ","Positive","NEGATIVE","30","0.670465887","70","0.010852068"
"1601173874430935040","Jirka Merkl","Umělá inteligence je snem pro plagiátory. Děti by se s ní měly naučit zacházet ","Positive","NEGATIVE","20","0.509818673","80","0.081922539"
"1383027422778494983","tyinternety","Microsoft sází na umělou inteligenci ve zdravotnictví, akvizice Nunance je na spadnutí  ","Positive","NEGATIVE","20","0.657848179","80","0.002701068"
"1612853172392923138","��Ondřej Šebestík��","Máte rádi poezii? Spolužák z vysoké školy zrovna vydal knihu. Knihu, kterou vymyslela, napsala a ilustrovala umělá inteligence. Masakr.    ","Positive","NEGATIVE","20","0.622176051","80","0.030391349"
"1617437666118873089","Jiří Kučera","A co že je to ten článek 5? Dokonce i umělá inteligence to ví velmi dobře: Článek 5 Severoatlantické smlouvy stanovuje, že napadení na jednoho člena NATO se považuje za napadení na všechny členy aliance a ti se musí postavit na odpor a pomoci napadenému členu. ","Positive","NEGATIVE","20","0.595404804","80","0.015148204"
"1608953766983929857","Horizont událostí","@Paula44212447 Ještě, že umělá inteligence, dnes dokáže dodělat chybějící části obrázku. Je zcela zbytečné něco zakrývat nebo ořezávat.  ","Positive","NEGATIVE","20","0.891957223","80","0.065386526"
"1606213433593974785","Marian Šámal (join ČESKO.plus now!)","@JiriStejs Co zastavovat? Většinu prací nahradí umělá inteligence nebo jednoduchá automatizace. Člověk si musí najít jinou práci. Říká se tomu pokrok. Zastavit to dokázali jenom komunisti, kteří pokrok zakázali a všem nařídili zbytečné práce. Od člena ODS bych tohle nečekal.","Positive","NEGATIVE","40","0.699895799","60","0.011993056"
"1603477076002103301","Petr","No doprdele, umělá inteligence a podobný nástroje přestávaj bejt sranda","Positive","NEGATIVE","20","0.612363756","80","0.110362664"
"1601893025990709248","Pavel Moravec (@piratzbrna@mastodonczech.cz)","@OPribyla Možná hloupý dotaz, ale ""populární"": najít určitý specifický jev (např. nádor) v hromadě dat (snímků z RTG či mag.rezon.)se celkem dobře naučila umělá inteligence. Nelze ji použít i zde? (zde je to těžší o to, že data se průběžně generují, možná..?)","Positive","NEGATIVE","20","0.548796058","80","0.027254250"
"1601106148253650945","Val","Představte si že jste umělá inteligence schopná odpovědět na cokoliv a furt se vás někdo místo toho ptá jestli daně jsou krádež.","Positive","NEGATIVE","20","0.568271875","80","0.046127424"
